Node1,Node2,Distance
0,1,1190
0,2,1354
0,3,1200
0,4,126
0,5,940
0,6,931
0,7,665
0,8,1098
0,9,705
0,10,931
0,11,561
0,12,327
0,13,896
0,14,1338
0,15,1166
0,16,1134
0,17,1054
0,18,276
0,19,1287
0,20,716
0,21,863
0,22,965
0,23,727
0,24,514
0,25,437
0,26,401
0,27,423
0,28,538
0,29,661
0,30,1214
0,31,1105
0,32,218
0,33,330
0,34,962
0,35,1148
0,36,390
0,37,786
0,38,731
0,39,943
0,40,719
0,41,728
0,42,972
0,43,248
0,44,999
0,45,501
0,46,1349
0,47,1121
0,48,1400
0,49,996
0,50,316
0,51,751
0,52,1387
0,53,760
0,54,791
0,55,1000
0,56,918
0,57,298
0,58,106
0,59,524
0,60,421
0,61,1242
0,62,967
0,63,477
0,64,371
0,65,207
0,66,1423
0,67,1037
0,68,271
0,69,578
0,70,455
0,71,1260
0,72,1094
0,73,1341
0,74,881
0,75,1333
0,76,1015
0,77,1213
0,78,110
0,79,1156
0,80,684
0,81,774
0,82,543
0,83,961
0,84,1072
0,85,855
0,86,1046
0,87,1360
0,88,1012
0,89,847
0,90,321
0,91,485
0,92,759
0,93,1467
0,94,655
0,95,838
0,96,355
0,97,837
0,98,434
0,99,1375
1,2,728
1,3,1200
1,4,1064
1,5,250
1,6,769
1,7,959
1,8,1314
1,9,781
1,10,259
1,11,641
1,12,863
1,13,294
1,14,712
1,15,1262
1,16,510
1,17,720
1,18,1236
1,19,825
1,20,474
1,21,1287
1,22,509
1,23,513
1,24,1072
1,25,1559
1,26,789
1,27,767
1,28,652
1,29,1081
1,30,956
1,31,103
1,32,1408
1,33,956
1,34,1308
1,35,904
1,36,800
1,37,404
1,38,459
1,39,1347
1,40,1387
1,41,1280
1,42,232
1,43,946
1,44,949
1,45,689
1,46,723
1,47,1329
1,48,968
1,49,1092
1,50,1450
1,51,525
1,52,835
1,53,1274
1,54,743
1,55,282
1,56,974
1,57,1166
1,58,1084
1,59,666
1,60,769
1,61,862
1,62,277
1,63,1395
1,64,989
1,65,983
1,66,1047
1,67,475
1,68,1309
1,69,1538
1,70,1141
1,71,1202
1,72,560
1,73,715
1,74,643
1,75,847
1,76,717
1,77,67
1,78,1080
1,79,772
1,80,506
1,81,416
1,82,647
1,83,335
1,84,118
1,85,1651
1,86,150
1,87,734
1,88,482
1,89,1639
1,90,1459
1,91,1611
1,92,581
1,93,997
1,94,1033
1,95,456
1,96,1259
1,97,1085
1,98,756
1,99,857
2,3,566
2,4,1270
2,5,630
2,6,423
2,7,689
2,8,680
2,9,649
2,10,861
2,11,793
2,12,1199
2,13,1014
2,14,38
2,15,628
2,16,220
2,17,300
2,18,1078
2,19,191
2,20,1146
2,21,653
2,22,389
2,23,627
2,24,840
2,25,925
2,26,1059
2,27,1453
2,28,1256
2,29,693
2,30,322
2,31,831
2,32,1210
2,33,1024
2,34,674
2,35,270
2,36,1406
2,37,1110
2,38,1163
2,39,713
2,40,753
2,41,646
2,42,496
2,43,1106
2,44,355
2,45,1007
2,46,11
2,47,695
2,48,334
2,49,458
2,50,1038
2,51,603
2,52,201
2,53,640
2,54,563
2,55,446
2,56,436
2,57,1056
2,58,1380
2,59,1064
2,60,1379
2,61,228
2,62,451
2,63,877
2,64,983
2,65,1411
2,66,413
2,67,317
2,68,1083
2,69,904
2,70,899
2,71,568
2,72,260
2,73,39
2,74,473
2,75,213
2,76,339
2,77,795
2,78,1370
2,79,198
2,80,1028
2,81,964
2,82,933
2,83,393
2,84,780
2,85,1017
2,86,578
2,87,62
2,88,342
2,89,1005
2,90,1033
2,91,977
2,92,595
2,93,363
2,94,699
2,95,1184
2,96,999
2,97,517
2,98,946
2,99,223
3,4,1116
3,5,950
3,6,431
3,7,535
3,8,114
3,9,495
3,10,941
3,11,639
3,12,1045
3,13,906
3,14,528
3,15,62
3,16,690
3,17,480
3,18,924
3,19,375
3,20,992
3,21,337
3,22,691
3,23,687
3,24,686
3,25,763
3,26,905
3,27,1299
3,28,1102
3,29,539
3,30,244
3,31,1115
3,32,1056
3,33,870
3,34,238
3,35,296
3,36,1252
3,37,956
3,38,1009
3,39,257
3,40,481
3,41,472
3,42,982
3,43,952
3,44,251
3,45,853
3,46,555
3,47,129
3,48,232
3,49,204
3,50,884
3,51,675
3,52,365
3,53,440
3,54,457
3,55,1010
3,56,282
3,57,902
3,58,1226
3,59,910
3,60,1225
3,61,338
3,62,977
3,63,723
3,64,829
3,65,1257
3,66,223
3,67,725
3,68,929
3,69,622
3,70,745
3,71,60
3,72,640
3,73,527
3,74,557
3,75,353
3,76,483
3,77,1223
3,78,1216
3,79,428
3,80,874
3,81,810
3,82,779
3,83,959
3,84,1082
3,85,451
3,86,1056
3,87,504
3,88,718
3,89,439
3,90,879
3,91,715
3,92,619
3,93,267
3,94,545
3,95,1030
3,96,845
3,97,363
3,98,792
3,99,343
4,5,814
4,6,847
4,7,581
4,8,1014
4,9,621
4,10,805
4,11,477
4,12,201
4,13,770
4,14,1254
4,15,1082
4,16,1050
4,17,970
4,18,192
4,19,1203
4,20,590
4,21,779
4,22,881
4,23,643
4,24,430
4,25,495
4,26,275
4,27,297
4,28,412
4,29,577
4,30,1130
4,31,979
4,32,344
4,33,246
4,34,878
4,35,1064
4,36,264
4,37,660
4,38,605
4,39,859
4,40,635
4,41,644
4,42,846
4,43,164
4,44,915
4,45,375
4,46,1265
4,47,1037
4,48,1316
4,49,912
4,50,386
4,51,667
4,52,1303
4,53,676
4,54,707
4,55,874
4,56,834
4,57,214
4,58,110
4,59,398
4,60,295
4,61,1158
4,62,841
4,63,393
4,64,287
4,65,141
4,66,1339
4,67,953
4,68,245
4,69,494
4,70,371
4,71,1176
4,72,1010
4,73,1257
4,74,797
4,75,1249
4,76,931
4,77,1087
4,78,100
4,79,1072
4,80,558
4,81,648
4,82,417
4,83,877
4,84,946
4,85,771
4,86,920
4,87,1276
4,88,928
4,89,763
4,90,395
4,91,547
4,92,675
4,93,1383
4,94,571
4,95,712
4,96,271
4,97,753
4,98,324
4,99,1291
5,6,519
5,7,709
5,8,1064
5,9,531
5,10,231
5,11,391
5,12,613
5,13,384
5,14,614
5,15,1012
5,16,410
5,17,470
5,18,986
5,19,575
5,20,516
5,21,1037
5,22,259
5,23,263
5,24,822
5,25,1309
5,26,539
5,27,823
5,28,626
5,29,831
5,30,706
5,31,201
5,32,1158
5,33,706
5,34,1058
5,35,654
5,36,776
5,37,480
5,38,533
5,39,1097
5,40,1137
5,41,1030
5,42,134
5,43,696
5,44,699
5,45,439
5,46,625
5,47,1079
5,48,718
5,49,842
5,50,1200
5,51,275
5,52,663
5,53,1024
5,54,493
5,55,184
5,56,724
5,57,916
5,58,834
5,59,434
5,60,749
5,61,612
5,62,179
5,63,1145
5,64,739
5,65,781
5,66,797
5,67,313
5,68,1059
5,69,1288
5,70,891
5,71,952
5,72,370
5,73,617
5,74,393
5,75,609
5,76,467
5,77,273
5,78,830
5,79,522
5,80,398
5,81,334
5,82,397
5,83,237
5,84,150
5,85,1401
5,86,106
5,87,636
5,88,288
5,89,1389
5,90,1209
5,91,1361
5,92,331
5,93,747
5,94,783
5,95,554
5,96,1009
5,97,835
5,98,506
5,99,651
6,7,266
6,8,545
6,9,226
6,10,510
6,11,370
6,12,776
6,13,591
6,14,407
6,15,493
6,16,259
6,17,123
6,18,655
6,19,356
6,20,723
6,21,518
6,22,260
6,23,256
6,24,417
6,25,790
6,26,636
6,27,1030
6,28,833
6,29,312
6,30,283
6,31,684
6,32,787
6,33,601
6,34,539
6,35,217
6,36,983
6,37,687
6,38,740
6,39,578
6,40,618
6,41,511
6,42,551
6,43,683
6,44,180
6,45,584
6,46,418
6,47,560
6,48,469
6,49,323
6,50,681
6,51,244
6,52,456
6,53,505
6,54,140
6,55,579
6,56,205
6,57,633
6,58,957
6,59,641
6,60,956
6,61,311
6,62,546
6,63,626
6,64,560
6,65,988
6,66,492
6,67,294
6,68,660
6,69,769
6,70,476
6,71,433
6,72,209
6,73,410
6,74,126
6,75,402
6,76,84
6,77,792
6,78,947
6,79,225
6,80,605
6,81,541
6,82,510
6,83,528
6,84,651
6,85,882
6,86,625
6,87,429
6,88,287
6,89,870
6,90,690
6,91,842
6,92,188
6,93,536
6,94,276
6,95,761
6,96,576
6,97,316
6,98,523
6,99,444
7,8,433
7,9,178
7,10,700
7,11,318
7,12,510
7,13,665
7,14,673
7,15,501
7,16,469
7,17,389
7,18,389
7,19,622
7,20,485
7,21,328
7,22,450
7,23,446
7,24,151
7,25,600
7,26,370
7,27,764
7,28,567
7,29,122
7,30,549
7,31,874
7,32,521
7,33,335
7,34,349
7,35,483
7,36,717
7,37,555
7,38,500
7,39,388
7,40,428
7,41,321
7,42,741
7,43,417
7,44,334
7,45,318
7,46,684
7,47,456
7,48,735
7,49,331
7,50,491
7,51,434
7,52,722
7,53,315
7,54,216
7,55,769
7,56,253
7,57,367
7,58,691
7,59,375
7,60,690
7,61,577
7,62,736
7,63,436
7,64,294
7,65,722
7,66,758
7,67,484
7,68,394
7,69,579
7,70,210
7,71,595
7,72,429
7,73,676
7,74,316
7,75,668
7,76,350
7,77,982
7,78,681
7,79,491
7,80,453
7,81,543
7,82,312
7,83,718
7,84,841
7,85,692
7,86,815
7,87,695
7,88,477
7,89,680
7,90,500
7,91,652
7,92,378
7,93,802
7,94,74
7,95,607
7,96,310
7,97,172
7,98,257
7,99,710
8,9,533
8,10,1055
8,11,673
8,12,943
8,13,1020
8,14,642
8,15,68
8,16,804
8,17,594
8,18,822
8,19,489
8,20,890
8,21,235
8,22,805
8,23,801
8,24,584
8,25,661
8,26,803
8,27,1197
8,28,1000
8,29,437
8,30,358
8,31,1229
8,32,954
8,33,768
8,34,136
8,35,410
8,36,1150
8,37,910
8,38,907
8,39,155
8,40,379
8,41,370
8,42,1096
8,43,850
8,44,365
8,45,751
8,46,669
8,47,23
8,48,346
8,49,222
8,50,782
8,51,789
8,52,479
8,53,338
8,54,571
8,55,1124
8,56,340
8,57,800
8,58,1124
8,59,808
8,60,1123
8,61,452
8,62,1091
8,63,621
8,64,727
8,65,1155
8,66,325
8,67,839
8,68,827
8,69,520
8,70,643
8,71,162
8,72,754
8,73,641
8,74,671
8,75,467
8,76,597
8,77,1337
8,78,1114
8,79,542
8,80,808
8,81,898
8,82,677
8,83,1073
8,84,1196
8,85,337
8,86,1170
8,87,618
8,88,832
8,89,325
8,90,777
8,91,613
8,92,733
8,93,369
8,94,443
8,95,962
8,96,743
8,97,261
8,98,690
8,99,457
9,10,522
9,11,144
9,12,550
9,13,487
9,14,633
9,15,481
9,16,429
9,17,349
9,18,455
9,19,582
9,20,497
9,21,506
9,22,272
9,23,268
9,24,291
9,25,778
9,26,410
9,27,804
9,28,607
9,29,300
9,30,509
9,31,696
9,32,627
9,33,375
9,34,527
9,35,443
9,36,757
9,37,461
9,38,514
9,39,566
9,40,606
9,41,499
9,42,563
9,43,457
9,44,294
9,45,358
9,46,644
9,47,548
9,48,695
9,49,311
9,50,669
9,51,256
9,52,682
9,53,493
9,54,86
9,55,591
9,56,213
9,57,407
9,58,731
9,59,415
9,60,730
9,61,537
9,62,558
9,63,614
9,64,334
9,65,762
9,66,718
9,67,332
9,68,528
9,69,757
9,70,360
9,71,555
9,72,389
9,73,636
9,74,176
9,75,628
9,76,310
9,77,804
9,78,721
9,79,451
9,80,379
9,81,365
9,82,284
9,83,540
9,84,663
9,85,870
9,86,637
9,87,655
9,88,307
9,89,858
9,90,678
9,91,830
9,92,200
9,93,762
9,94,252
9,95,535
9,96,478
9,97,304
9,98,297
9,99,670
10,11,382
10,12,604
10,13,153
10,14,845
10,15,1003
10,16,641
10,17,561
10,18,977
10,19,794
10,20,285
10,21,1028
10,22,472
10,23,254
10,24,813
10,25,1300
10,26,530
10,27,592
10,28,395
10,29,822
10,30,721
10,31,174
10,32,1149
10,33,697
10,34,1049
10,35,655
10,36,545
10,37,249
10,38,302
10,39,1088
10,40,1128
10,41,1021
10,42,365
10,43,687
10,44,690
10,45,430
10,46,856
10,47,1070
10,48,907
10,49,833
10,50,1191
10,51,266
10,52,894
10,53,1015
10,54,484
10,55,415
10,56,715
10,57,907
10,58,825
10,59,407
10,60,518
10,61,749
10,62,410
10,63,1136
10,64,730
10,65,724
10,66,930
10,67,544
10,68,1050
10,69,1279
10,70,882
10,71,943
10,72,601
10,73,848
10,74,388
10,75,840
10,76,522
10,77,282
10,78,821
10,79,663
10,80,247
10,81,157
10,82,388
10,83,468
10,84,141
10,85,1392
10,86,283
10,87,867
10,88,519
10,89,1380
10,90,1200
10,91,1352
10,92,322
10,93,974
10,94,774
10,95,323
10,96,1000
10,97,826
10,98,497
10,99,882
11,12,406
11,13,347
11,14,777
11,15,621
11,16,573
11,17,493
11,18,595
11,19,726
11,20,353
11,21,646
11,22,404
11,23,166
11,24,431
11,25,918
11,26,266
11,27,660
11,28,463
11,29,440
11,30,653
11,31,556
11,32,767
11,33,315
11,34,667
11,35,587
11,36,613
11,37,317
11,38,370
11,39,706
11,40,746
11,41,639
11,42,423
11,43,313
11,44,438
11,45,214
11,46,788
11,47,688
11,48,839
11,49,451
11,50,809
11,51,190
11,52,826
11,53,633
11,54,230
11,55,451
11,56,357
11,57,525
11,58,587
11,59,271
11,60,586
11,61,681
11,62,418
11,63,754
11,64,348
11,65,618
11,66,862
11,67,476
11,68,668
11,69,897
11,70,500
11,71,699
11,72,533
11,73,780
11,74,320
11,75,772
11,76,454
11,77,664
11,78,577
11,79,595
11,80,235
11,81,225
11,82,140
11,83,400
11,84,523
11,85,1010
11,86,497
11,87,799
11,88,451
11,89,998
11,90,818
11,91,970
11,92,198
11,93,906
11,94,392
11,95,391
11,96,618
11,97,444
11,98,153
11,99,814
12,13,569
12,14,1183
12,15,1011
12,16,979
12,17,899
12,18,373
12,19,1132
12,20,389
12,21,708
12,22,810
12,23,572
12,24,359
12,25,696
12,26,140
12,27,254
12,28,211
12,29,506
12,30,1059
12,31,778
12,32,545
12,33,175
12,34,807
12,35,993
12,36,207
12,37,459
12,38,404
12,39,788
12,40,564
12,41,573
12,42,703
12,43,93
12,44,844
12,45,192
12,46,1194
12,47,966
12,48,1245
12,49,841
12,50,587
12,51,596
12,52,1232
12,53,605
12,54,636
12,55,753
12,56,763
12,57,303
12,58,221
12,59,197
12,60,180
12,61,1087
12,62,748
12,63,532
12,64,216
12,65,212
12,66,1268
12,67,882
12,68,446
12,69,675
12,70,300
12,71,1105
12,72,939
12,73,1186
12,74,726
12,75,1178
12,76,860
12,77,886
12,78,217
12,79,1001
12,80,357
12,81,447
12,82,266
12,83,806
12,84,745
12,85,788
12,86,719
12,87,1205
12,88,857
12,89,776
12,90,596
12,91,748
12,92,604
12,93,1312
12,94,500
12,95,511
12,96,396
12,97,682
12,98,253
12,99,1220
13,14,998
13,15,968
13,16,794
13,17,714
13,18,942
13,19,947
13,20,180
13,21,993
13,22,625
13,23,387
13,24,778
13,25,1265
13,26,495
13,27,473
13,28,358
13,29,787
13,30,874
13,31,209
13,32,1114
13,33,662
13,34,1014
13,35,808
13,36,506
13,37,110
13,38,165
13,39,1053
13,40,1093
13,41,986
13,42,518
13,43,652
13,44,659
13,45,395
13,46,1009
13,47,1035
13,48,1060
13,49,798
13,50,1156
13,51,411
13,52,1047
13,53,980
13,54,451
13,55,568
13,56,680
13,57,872
13,58,790
13,59,372
13,60,475
13,61,902
13,62,563
13,63,1101
13,64,695
13,65,689
13,66,1083
13,67,697
13,68,1015
13,69,1244
13,70,847
13,71,920
13,72,754
13,73,1001
13,74,541
13,75,993
13,76,675
13,77,317
13,78,786
13,79,816
13,80,212
13,81,122
13,82,353
13,83,621
13,84,234
13,85,1357
13,86,436
13,87,1020
13,88,672
13,89,1345
13,90,1165
13,91,1317
13,92,419
13,93,1127
13,94,739
13,95,170
13,96,965
13,97,791
13,98,462
13,99,1035
14,15,590
14,16,204
14,17,284
14,18,1062
14,19,153
14,20,1130
14,21,615
14,22,373
14,23,611
14,24,824
14,25,901
14,26,1043
14,27,1437
14,28,1240
14,29,677
14,30,284
14,31,815
14,32,1194
14,33,1008
14,34,636
14,35,232
14,36,1390
14,37,1094
14,38,1147
14,39,675
14,40,715
14,41,610
14,42,480
14,43,1090
14,44,339
14,45,991
14,46,27
14,47,657
14,48,296
14,49,420
14,50,1022
14,51,587
14,52,163
14,53,602
14,54,547
14,55,482
14,56,420
14,57,1040
14,58,1364
14,59,1048
14,60,1363
14,61,190
14,62,449
14,63,861
14,64,967
14,65,1395
14,66,375
14,67,301
14,68,1067
14,69,866
14,70,883
14,71,530
14,72,244
14,73,3
14,74,457
14,75,175
14,76,323
14,77,779
14,78,1354
14,79,182
14,80,1012
14,81,948
14,82,917
14,83,431
14,84,764
14,85,979
14,86,562
14,87,24
14,88,326
14,89,967
14,90,1017
14,91,939
14,92,579
14,93,325
14,94,683
14,95,1168
14,96,983
14,97,501
14,98,930
14,99,185
15,16,752
15,17,542
15,18,890
15,19,437
15,20,958
15,21,303
15,22,753
15,23,749
15,24,652
15,25,729
15,26,871
15,27,1265
15,28,1068
15,29,505
15,30,306
15,31,1177
15,32,1022
15,33,836
15,34,204
15,35,358
15,36,1218
15,37,922
15,38,975
15,39,223
15,40,447
15,41,438
15,42,1044
15,43,918
15,44,313
15,45,819
15,46,617
15,47,67
15,48,294
15,49,170
15,50,850
15,51,737
15,52,427
15,53,406
15,54,519
15,55,1072
15,56,288
15,57,868
15,58,1192
15,59,876
15,60,1191
15,61,400
15,62,1039
15,63,689
15,64,795
15,65,1223
15,66,257
15,67,787
15,68,895
15,69,588
15,70,711
15,71,94
15,72,702
15,73,589
15,74,619
15,75,415
15,76,545
15,77,1285
15,78,1182
15,79,490
15,80,840
15,81,846
15,82,745
15,83,1021
15,84,1144
15,85,389
15,86,1118
15,87,566
15,88,780
15,89,377
15,90,845
15,91,681
15,92,681
15,93,301
15,94,511
15,95,996
15,96,811
15,97,329
15,98,758
15,99,405
16,17,210
16,18,858
16,19,315
16,20,926
16,21,777
16,22,169
16,23,407
16,24,620
16,25,1049
16,26,839
16,27,1233
16,28,1036
16,29,571
16,30,446
16,31,611
16,32,990
16,33,804
16,34,798
16,35,394
16,36,1186
16,37,890
16,38,943
16,39,837
16,40,877
16,41,770
16,42,292
16,43,886
16,44,439
16,45,787
16,46,215
16,47,819
16,48,458
16,49,582
16,50,940
16,51,383
16,52,325
16,53,764
16,54,343
16,55,320
16,56,464
16,57,836
16,58,1160
16,59,844
16,60,1159
16,61,352
16,62,287
16,63,885
16,64,763
16,65,1191
16,66,537
16,67,97
16,68,863
16,69,1028
16,70,679
16,71,692
16,72,50
16,73,207
16,74,253
16,75,337
16,76,207
16,77,575
16,78,1150
16,79,262
16,80,808
16,81,744
16,82,713
16,83,269
16,84,560
16,85,1141
16,86,366
16,87,226
16,88,122
16,89,1129
16,90,949
16,91,1101
16,92,375
16,93,487
16,94,523
16,95,964
16,96,779
16,97,575
16,98,726
16,99,347
17,18,778
17,19,233
17,20,846
17,21,567
17,22,211
17,23,327
17,24,540
17,25,839
17,26,759
17,27,1153
17,28,956
17,29,393
17,30,236
17,31,635
17,32,910
17,33,724
17,34,588
17,35,184
17,36,1106
17,37,810
17,38,863
17,39,627
17,40,667
17,41,560
17,42,502
17,43,806
17,44,229
17,45,707
17,46,295
17,47,609
17,48,346
17,49,372
17,50,738
17,51,303
17,52,333
17,53,554
17,54,263
17,55,530
17,56,254
17,57,756
17,58,1080
17,59,764
17,60,1079
17,61,188
17,62,497
17,63,675
17,64,683
17,65,1111
17,66,369
17,67,245
17,68,783
17,69,818
17,70,599
17,71,482
17,72,160
17,73,287
17,74,173
17,75,279
17,76,39
17,77,743
17,78,1070
17,79,102
17,80,728
17,81,664
17,82,633
17,83,479
17,84,602
17,85,931
17,86,576
17,87,306
17,88,238
17,89,919
17,90,739
17,91,891
17,92,295
17,93,413
17,94,399
17,95,884
17,96,699
17,97,365
17,98,646
17,99,321
18,19,1011
18,20,762
18,21,587
18,22,727
18,23,723
18,24,238
18,25,323
18,26,447
18,27,469
18,28,584
18,29,385
18,30,938
18,31,1151
18,32,172
18,33,280
18,34,686
18,35,872
18,36,436
18,37,832
18,38,777
18,39,667
18,40,443
18,41,452
18,42,1018
18,43,290
18,44,723
18,45,547
18,46,1073
18,47,845
18,48,1124
18,49,720
18,50,214
18,51,711
18,52,1111
18,53,484
18,54,515
18,55,1046
18,56,642
18,57,70
18,58,302
18,59,570
18,60,467
18,61,966
18,62,1013
18,63,201
18,64,247
18,65,333
18,66,1147
18,67,761
18,68,73
18,69,302
18,70,179
18,71,984
18,72,818
18,73,1065
18,74,605
18,75,1057
18,76,739
18,77,1259
18,78,292
18,79,880
18,80,730
18,81,820
18,82,589
18,83,995
18,84,1118
18,85,579
18,86,1092
18,87,1084
18,88,754
18,89,571
18,90,223
18,91,375
18,92,655
18,93,1191
18,94,379
18,95,884
18,96,79
18,97,561
18,98,480
18,99,1099
19,20,1079
19,21,462
19,22,322
19,23,560
19,24,773
19,25,850
19,26,992
19,27,1386
19,28,1189
19,29,626
19,30,131
19,31,764
19,32,1143
19,33,957
19,34,483
19,35,139
19,36,1339
19,37,1043
19,38,1096
19,39,522
19,40,568
19,41,559
19,42,607
19,43,1039
19,44,288
19,45,940
19,46,180
19,47,504
19,48,143
19,49,291
19,50,971
19,51,536
19,52,100
19,53,527
19,54,496
19,55,635
19,56,369
19,57,989
19,58,1313
19,59,997
19,60,1312
19,61,45
19,62,602
19,63,810
19,64,916
19,65,1344
19,66,222
19,67,350
19,68,1016
19,69,713
19,70,832
19,71,377
19,72,265
19,73,152
19,74,406
19,75,46
19,76,272
19,77,848
19,78,1303
19,79,131
19,80,961
19,81,897
19,82,866
19,83,584
19,84,713
19,85,826
19,86,681
19,87,129
19,88,343
19,89,814
19,90,966
19,91,802
19,92,528
19,93,180
19,94,632
19,95,1117
19,96,932
19,97,450
19,98,879
19,99,88
20,21,813
20,22,757
20,23,519
20,24,598
20,25,1085
20,26,315
20,27,307
20,28,178
20,29,607
20,30,1006
20,31,389
20,32,934
20,33,482
20,34,834
20,35,940
20,36,326
20,37,70
20,38,17
20,39,873
20,40,913
20,41,806
20,42,650
20,43,472
20,44,791
20,45,215
20,46,1141
20,47,913
20,48,1192
20,49,788
20,50,976
20,51,543
20,52,1179
20,53,800
20,54,583
20,55,700
20,56,710
20,57,692
20,58,610
20,59,192
20,60,295
20,61,1034
20,62,695
20,63,921
20,64,515
20,65,509
20,66,1215
20,67,829
20,68,835
20,69,1064
20,70,667
20,71,1052
20,72,886
20,73,1133
20,74,673
20,75,1125
20,76,807
20,77,497
20,78,606
20,79,948
20,80,118
20,81,182
20,82,213
20,83,753
20,84,366
20,85,1177
20,86,568
20,87,1152
20,88,804
20,89,1165
20,90,985
20,91,1137
20,92,551
20,93,1259
20,94,559
20,95,122
20,96,785
20,97,629
20,98,282
20,99,1167
21,22,778
21,23,774
21,24,349
21,25,426
21,26,568
21,27,962
21,28,765
21,29,206
21,30,351
21,31,1202
21,32,719
21,33,533
21,34,99
21,35,383
21,36,915
21,37,883
21,38,828
21,39,80
21,40,144
21,41,135
21,42,1069
21,43,615
21,44,338
21,45,598
21,46,642
21,47,258
21,48,537
21,49,195
21,50,547
21,51,762
21,52,524
21,53,103
21,54,544
21,55,1097
21,56,313
21,57,565
21,58,889
21,59,621
21,60,888
21,61,425
21,62,1064
21,63,386
21,64,492
21,65,920
21,66,560
21,67,812
21,68,592
21,69,285
21,70,408
21,71,397
21,72,727
21,73,614
21,74,644
21,75,470
21,76,570
21,77,1310
21,78,879
21,79,515
21,80,781
21,81,871
21,82,640
21,83,1046
21,84,1169
21,85,364
21,86,1143
21,87,591
21,88,805
21,89,352
21,90,542
21,91,378
21,92,706
21,93,604
21,94,254
21,95,935
21,96,508
21,97,202
21,98,531
21,99,512
22,23,238
22,24,563
22,25,1050
22,26,670
22,27,1064
22,28,867
22,29,572
22,30,447
22,31,442
22,32,899
22,33,635
22,34,799
22,35,395
22,36,1017
22,37,721
22,38,774
22,39,838
22,40,878
22,41,771
22,42,291
22,43,717
22,44,440
22,45,618
22,46,384
22,47,820
22,48,459
22,49,583
22,50,941
22,51,214
22,52,422
22,53,765
22,54,234
22,55,319
22,56,465
22,57,667
22,58,991
22,59,675
22,60,990
22,61,353
22,62,286
22,63,886
22,64,594
22,65,1022
22,66,538
22,67,72
22,68,800
22,69,1029
22,70,632
22,71,693
22,72,129
22,73,376
22,74,134
22,75,368
22,76,208
22,77,532
22,78,981
22,79,263
22,80,639
22,81,575
22,82,544
22,83,268
22,84,391
22,85,1142
22,86,365
22,87,395
22,88,47
22,89,1130
22,90,950
22,91,1102
22,92,206
22,93,502
22,94,524
22,95,795
22,96,750
22,97,576
22,98,557
22,99,410
23,24,559
23,25,1046
23,26,432
23,27,826
23,28,629
23,29,568
23,30,487
23,31,428
23,32,895
23,33,443
23,34,795
23,35,421
23,36,779
23,37,483
23,38,536
23,39,834
23,40,874
23,41,767
23,42,295
23,43,479
23,44,436
23,45,380
23,46,622
23,47,816
23,48,673
23,49,579
23,50,937
23,51,24
23,52,660
23,53,761
23,54,230
23,55,323
23,56,461
23,57,653
23,58,753
23,59,437
23,60,752
23,61,515
23,62,290
23,63,882
23,64,476
23,65,784
23,66,696
23,67,310
23,68,796
23,69,1025
23,70,628
23,71,689
23,72,367
23,73,614
23,74,154
23,75,606
23,76,288
23,77,536
23,78,743
23,79,429
23,80,401
23,81,337
23,82,306
23,83,272
23,84,395
23,85,1138
23,86,369
23,87,633
23,88,285
23,89,1126
23,90,946
23,91,1098
23,92,68
23,93,740
23,94,520
23,95,557
23,96,746
23,97,572
23,98,319
23,99,648
24,25,487
24,26,283
24,27,613
24,28,420
24,29,147
24,30,700
24,31,987
24,32,370
24,33,184
24,34,448
24,35,634
24,36,566
24,37,668
24,38,613
24,39,429
24,40,315
24,41,214
24,42,854
24,43,266
24,44,485
24,45,383
24,46,835
24,47,607
24,48,886
24,49,482
24,50,378
24,51,547
24,52,873
24,53,246
24,54,329
24,55,882
24,56,404
24,57,216
24,58,540
24,59,406
24,60,539
24,61,728
24,62,849
24,63,323
24,64,143
24,65,571
24,66,909
24,67,597
24,68,243
24,69,466
24,70,69
24,71,746
24,72,580
24,73,827
24,74,429
24,75,819
24,76,501
24,77,1095
24,78,530
24,79,642
24,80,566
24,81,656
24,82,425
24,83,831
24,84,954
24,85,579
24,86,928
24,87,846
24,88,590
24,89,567
24,90,387
24,91,539
24,92,491
24,93,953
24,94,141
24,95,720
24,96,187
24,97,323
24,98,316
24,99,861
25,26,770
25,27,792
25,28,907
25,29,478
25,30,777
25,31,1474
25,32,293
25,33,603
25,34,525
25,35,711
25,36,759
25,37,1155
25,38,1100
25,39,506
25,40,282
25,41,291
25,42,1341
25,43,613
25,44,610
25,45,870
25,46,914
25,47,684
25,48,963
25,49,559
25,50,121
25,51,1034
25,52,950
25,53,323
25,54,816
25,55,1369
25,56,585
25,57,393
25,58,475
25,59,893
25,60,790
25,61,805
25,62,1336
25,63,164
25,64,570
25,65,576
25,66,986
25,67,1084
25,68,250
25,69,141
25,70,418
25,71,823
25,72,999
25,73,904
25,74,916
25,75,896
25,76,842
25,77,1582
25,78,479
25,79,787
25,80,1053
25,81,1143
25,82,912
25,83,1318
25,84,1441
25,85,418
25,86,1415
25,87,923
25,88,1077
25,89,410
25,90,116
25,91,52
25,92,978
25,93,1030
25,94,526
25,95,1207
25,96,300
25,97,474
25,98,803
25,99,938
26,27,394
26,28,197
26,29,366
26,30,919
26,31,704
26,32,619
26,33,167
26,34,667
26,35,853
26,36,347
26,37,385
26,38,330
26,39,648
26,40,598
26,41,491
26,42,571
26,43,157
26,44,704
26,45,100
26,46,1054
26,47,826
26,48,1105
26,49,701
26,50,661
26,51,456
26,52,1092
26,53,485
26,54,496
26,55,613
26,56,623
26,57,377
26,58,321
26,59,123
26,60,320
26,61,947
26,62,608
26,63,606
26,64,200
26,65,352
26,66,1128
26,67,742
26,68,520
26,69,749
26,70,352
26,71,965
26,72,799
26,73,1046
26,74,586
26,75,1038
26,76,720
26,77,812
26,78,311
26,79,861
26,80,283
26,81,373
26,82,142
26,83,666
26,84,671
26,85,862
26,86,645
26,87,1065
26,88,717
26,89,850
26,90,670
26,91,822
26,92,464
26,93,1172
26,94,360
26,95,437
26,96,470
26,97,542
26,98,113
26,99,1080
27,28,197
27,29,760
27,30,1313
27,31,682
27,32,641
27,33,429
27,34,1061
27,35,1247
27,36,47
27,37,363
27,38,308
27,39,1042
27,40,818
27,41,827
27,42,957
27,43,347
27,44,1098
27,45,446
27,46,1448
27,47,1220
27,48,1499
27,49,1095
27,50,683
27,51,850
27,52,1486
27,53,859
27,54,890
27,55,1007
27,56,1017
27,57,399
27,58,317
27,59,389
27,60,74
27,61,1341
27,62,1002
27,63,628
27,64,470
27,65,216
27,66,1522
27,67,1136
27,68,542
27,69,771
27,70,554
27,71,1359
27,72,1193
27,73,1440
27,74,980
27,75,1432
27,76,1114
27,77,790
27,78,313
27,79,1255
27,80,425
27,81,489
27,82,520
27,83,1060
27,84,673
27,85,954
27,86,875
27,87,1459
27,88,1111
27,89,946
27,90,692
27,91,844
27,92,858
27,93,1566
27,94,754
27,95,415
27,96,492
27,97,936
27,98,507
27,99,1474
28,29,563
28,30,1116
28,31,567
28,32,756
28,33,304
28,34,864
28,35,1050
28,36,150
28,37,248
28,38,193
28,39,845
28,40,735
28,41,630
28,42,760
28,43,294
28,44,901
28,45,249
28,46,1251
28,47,1023
28,48,1302
28,49,898
28,50,798
28,51,653
28,52,1289
28,53,662
28,54,693
28,55,810
28,56,820
28,57,514
28,58,432
28,59,192
28,60,123
28,61,1144
28,62,805
28,63,743
28,64,337
28,65,331
28,66,1325
28,67,939
28,68,657
28,69,886
28,70,489
28,71,1162
28,72,996
28,73,1243
28,74,783
28,75,1235
28,76,917
28,77,675
28,78,428
28,79,1058
28,80,228
28,81,292
28,82,323
28,83,863
28,84,534
28,85,999
28,86,678
28,87,1262
28,88,914
28,89,987
28,90,807
28,91,959
28,92,661
28,93,1369
28,94,557
28,95,300
28,96,607
28,97,739
28,98,310
28,99,1277
29,30,553
29,31,996
29,32,517
29,33,331
29,34,301
29,35,487
29,36,713
29,37,677
29,38,622
29,39,282
29,40,306
29,41,199
29,42,863
29,43,413
29,44,338
29,45,392
29,46,688
29,47,460
29,48,739
29,49,335
29,50,369
29,51,556
29,52,726
29,53,193
29,54,338
29,55,891
29,56,257
29,57,363
29,58,687
29,59,415
29,60,686
29,61,581
29,62,858
29,63,314
29,64,290
29,65,718
29,66,762
29,67,606
29,68,390
29,69,457
29,70,206
29,71,599
29,72,521
29,73,680
29,74,438
29,75,672
29,76,364
29,77,1104
29,78,677
29,79,495
29,80,575
29,81,665
29,82,434
29,83,840
29,84,963
29,85,570
29,86,937
29,87,699
29,88,599
29,89,558
29,90,378
29,91,530
29,92,500
29,93,806
29,94,48
29,95,729
29,96,306
29,97,176
29,98,325
29,99,714
30,31,871
30,32,1070
30,33,884
30,34,352
30,35,66
30,36,1266
30,37,970
30,38,1023
30,39,391
30,40,495
30,41,486
30,42,738
30,43,966
30,44,215
30,45,867
30,46,311
30,47,373
30,48,186
30,49,218
30,50,898
30,51,463
30,52,173
30,53,454
30,54,423
30,55,766
30,56,296
30,57,916
30,58,1240
30,59,924
30,60,1239
30,61,94
30,62,733
30,63,737
30,64,843
30,65,1271
30,66,209
30,67,481
30,68,943
30,69,636
30,70,759
30,71,246
30,72,396
30,73,283
30,74,333
30,75,119
30,76,239
30,77,979
30,78,1230
30,79,184
30,80,888
30,81,824
30,82,793
30,83,715
30,84,838
30,85,695
30,86,812
30,87,260
30,88,474
30,89,683
30,90,893
30,91,729
30,92,455
30,93,253
30,94,559
30,95,1044
30,96,859
30,97,377
30,98,806
30,99,161
31,32,1323
31,33,871
31,34,1223
31,35,819
31,36,715
31,37,319
31,38,374
31,39,1262
31,40,1302
31,41,1195
31,42,335
31,43,861
31,44,864
31,45,604
31,46,826
31,47,1244
31,48,883
31,49,1007
31,50,1365
31,51,440
31,52,864
31,53,1189
31,54,658
31,55,385
31,56,889
31,57,1081
31,58,999
31,59,581
31,60,684
31,61,777
31,62,380
31,63,1310
31,64,904
31,65,898
31,66,962
31,67,514
31,68,1224
31,69,1453
31,70,1056
31,71,1117
31,72,571
31,73,818
31,74,558
31,75,810
31,76,632
31,77,108
31,78,995
31,79,687
31,80,421
31,81,331
31,82,562
31,83,438
31,84,51
31,85,1566
31,86,253
31,87,837
31,88,489
31,89,1554
31,90,1374
31,91,1526
31,92,496
31,93,944
31,94,948
31,95,353
31,96,1174
31,97,1000
31,98,671
31,99,852
32,33,452
32,34,818
32,35,1004
32,36,608
32,37,1004
32,38,949
32,39,799
32,40,575
32,41,584
32,42,1190
32,43,462
32,44,855
32,45,719
32,46,1205
32,47,977
32,48,1256
32,49,852
32,50,172
32,51,883
32,52,1243
32,53,616
32,54,665
32,55,1218
32,56,774
32,57,242
32,58,324
32,59,742
32,60,639
32,61,1098
32,62,1185
32,63,333
32,64,419
32,65,425
32,66,1279
32,67,933
32,68,127
32,69,434
32,70,311
32,71,1116
32,72,950
32,73,1197
32,74,765
32,75,1189
32,76,871
32,77,1431
32,78,328
32,79,1012
32,80,902
32,81,992
32,82,761
32,83,1167
32,84,1290
32,85,711
32,86,1264
32,87,1216
32,88,926
32,89,703
32,90,177
32,91,341
32,92,827
32,93,1323
32,94,511
32,95,1056
32,96,211
32,97,693
32,98,652
32,99,1231
33,34,632
33,35,818
33,36,382
33,37,552
33,38,497
33,39,613
33,40,431
33,41,398
33,42,738
33,43,82
33,44,669
33,45,267
33,46,1019
33,47,791
33,48,1070
33,49,666
33,50,494
33,51,431
33,52,1057
33,53,430
33,54,461
33,55,766
33,56,588
33,57,210
33,58,356
33,59,290
33,60,355
33,61,912
33,62,733
33,63,439
33,64,41
33,65,387
33,66,1093
33,67,707
33,68,353
33,69,582
33,70,185
33,71,930
33,72,764
33,73,1011
33,74,551
33,75,1003
33,76,685
33,77,979
33,78,346
33,79,826
33,80,450
33,81,540
33,82,309
33,83,715
33,84,838
33,85,695
33,86,812
33,87,1030
33,88,682
33,89,683
33,90,503
33,91,655
33,92,429
33,93,1137
33,94,325
33,95,604
33,96,303
33,97,507
33,98,200
33,99,1045
34,35,404
34,36,1014
34,37,904
34,38,849
34,39,39
34,40,243
34,41,234
34,42,1090
34,43,714
34,44,359
34,45,619
34,46,663
34,47,159
34,48,438
34,49,216
34,50,646
34,51,783
34,52,473
34,53,202
34,54,565
34,55,1118
34,56,334
34,57,664
34,58,988
34,59,672
34,60,987
34,61,446
34,62,1085
34,63,485
34,64,591
34,65,1019
34,66,461
34,67,833
34,68,691
34,69,384
34,70,507
34,71,298
34,72,748
34,73,635
34,74,665
34,75,461
34,76,591
34,77,1331
34,78,978
34,79,536
34,80,802
34,81,892
34,82,661
34,83,1067
34,84,1190
34,85,343
34,86,1164
34,87,612
34,88,826
34,89,331
34,90,641
34,91,477
34,92,727
34,93,505
34,94,307
34,95,956
34,96,607
34,97,223
34,98,554
34,99,451
35,36,1200
35,37,904
35,38,957
35,39,443
35,40,483
35,41,420
35,42,686
35,43,900
35,44,149
35,45,801
35,46,259
35,47,425
35,48,252
35,49,188
35,50,832
35,51,397
35,52,239
35,53,388
35,54,357
35,55,714
35,56,230
35,57,850
35,58,1174
35,59,858
35,60,1173
35,61,94
35,62,681
35,63,671
35,64,777
35,65,1205
35,66,275
35,67,429
35,68,877
35,69,634
35,70,693
35,71,298
35,72,344
35,73,231
35,74,267
35,75,185
35,76,187
35,77,927
35,78,1164
35,79,132
35,80,822
35,81,758
35,82,727
35,83,663
35,84,786
35,85,747
35,86,760
35,87,212
35,88,422
35,89,735
35,90,827
35,91,707
35,92,389
35,93,319
35,94,493
35,95,978
35,96,793
35,97,311
35,98,740
35,99,227
36,37,396
36,38,341
36,39,995
36,40,771
36,41,780
36,42,910
36,43,300
36,44,1051
36,45,399
36,46,1401
36,47,1173
36,48,1452
36,49,1048
36,50,650
36,51,803
36,52,1439
36,53,812
36,54,843
36,55,960
36,56,970
36,57,366
36,58,284
36,59,342
36,60,31
36,61,1294
36,62,955
36,63,595
36,64,423
36,65,183
36,66,1475
36,67,1089
36,68,509
36,69,738
36,70,507
36,71,1312
36,72,1146
36,73,1393
36,74,933
36,75,1385
36,76,1067
36,77,823
36,78,280
36,79,1208
36,80,378
36,81,442
36,82,473
36,83,1013
36,84,682
36,85,907
36,86,828
36,87,1412
36,88,1064
36,89,899
36,90,659
36,91,811
36,92,811
36,93,1519
36,94,707
36,95,448
36,96,459
36,97,889
36,98,460
36,99,1427
37,38,55
37,39,943
37,40,983
37,41,876
37,42,614
37,43,542
37,44,755
37,45,285
37,46,1105
37,47,925
37,48,1156
37,49,752
37,50,1046
37,51,507
37,52,1143
37,53,870
37,54,547
37,55,664
37,56,674
37,57,762
37,58,680
37,59,262
37,60,365
37,61,998
37,62,659
37,63,991
37,64,585
37,65,579
37,66,1179
37,67,793
37,68,905
37,69,1134
37,70,737
37,71,1016
37,72,850
37,73,1097
37,74,637
37,75,1089
37,76,771
37,77,427
37,78,676
37,79,912
37,80,102
37,81,146
37,82,243
37,83,717
37,84,330
37,85,1247
37,86,532
37,87,1116
37,88,768
37,89,1235
37,90,1055
37,91,1207
37,92,515
37,93,1223
37,94,629
37,95,74
37,96,855
37,97,681
37,98,352
37,99,1131
38,39,888
38,40,928
38,41,821
38,42,667
38,43,487
38,44,808
38,45,230
38,46,1158
38,47,930
38,48,1209
38,49,805
38,50,991
38,51,560
38,52,1196
38,53,815
38,54,600
38,55,717
38,56,727
38,57,707
38,58,625
38,59,207
38,60,310
38,61,1051
38,62,712
38,63,936
38,64,530
38,65,524
38,66,1232
38,67,846
38,68,850
38,69,1079
38,70,682
38,71,1069
38,72,903
38,73,1150
38,74,690
38,75,1142
38,76,824
38,77,482
38,78,621
38,79,965
38,80,135
38,81,199
38,82,230
38,83,770
38,84,383
38,85,1192
38,86,585
38,87,1169
38,88,821
38,89,1180
38,90,1000
38,91,1152
38,92,568
38,93,1276
38,94,574
38,95,107
38,96,800
38,97,646
38,98,297
38,99,1184
39,40,224
39,41,215
39,42,1129
39,43,695
39,44,398
39,45,658
39,46,702
39,47,178
39,48,457
39,49,255
39,50,627
39,51,822
39,52,512
39,53,183
39,54,604
39,55,1157
39,56,373
39,57,645
39,58,969
39,59,681
39,60,968
39,61,485
39,62,1124
39,63,466
39,64,572
39,65,1000
39,66,480
39,67,872
39,68,672
39,69,365
39,70,488
39,71,317
39,72,787
39,73,674
39,74,704
39,75,500
39,76,630
39,77,1370
39,78,959
39,79,575
39,80,841
39,81,931
39,82,700
39,83,1106
39,84,1229
39,85,304
39,86,1203
39,87,651
39,88,865
39,89,292
39,90,622
39,91,458
39,92,766
39,93,524
39,94,314
39,95,995
39,96,588
39,97,262
39,98,591
39,99,490
40,41,107
40,42,1169
40,43,471
40,44,438
40,45,698
40,46,742
40,47,402
40,48,681
40,49,295
40,50,403
40,51,862
40,52,668
40,53,113
40,54,644
40,55,1197
40,56,413
40,57,421
40,58,745
40,59,721
40,60,744
40,61,525
40,62,1164
40,63,242
40,64,398
40,65,776
40,66,704
40,67,912
40,68,448
40,69,151
40,70,264
40,71,541
40,72,827
40,73,714
40,74,744
40,75,614
40,76,670
40,77,1410
40,78,735
40,79,615
40,80,881
40,81,971
40,82,740
40,83,1146
40,84,1269
40,85,264
40,86,1243
40,87,691
40,88,905
40,89,252
40,90,398
40,91,234
40,92,806
40,93,748
40,94,354
40,95,1035
40,96,364
40,97,302
40,98,631
40,99,656
41,42,1062
41,43,480
41,44,331
41,45,591
41,46,635
41,47,393
41,48,672
41,49,268
41,50,412
41,51,755
41,52,659
41,53,32
41,54,537
41,55,1090
41,56,306
41,57,430
41,58,754
41,59,614
41,60,753
41,61,514
41,62,1057
41,63,251
41,64,357
41,65,785
41,66,695
41,67,805
41,68,457
41,69,258
41,70,273
41,71,532
41,72,720
41,73,613
41,74,637
41,75,605
41,76,563
41,77,1303
41,78,744
41,79,508
41,80,774
41,81,864
41,82,633
41,83,1039
41,84,1162
41,85,371
41,86,1136
41,87,632
41,88,798
41,89,359
41,90,407
41,91,331
41,92,699
41,93,739
41,94,247
41,95,928
41,96,373
41,97,195
41,98,524
41,99,647
42,43,728
42,44,731
42,45,511
42,46,491
42,47,1111
42,48,750
42,49,874
42,50,1232
42,51,307
42,52,617
42,53,1056
42,54,525
42,55,50
42,56,756
42,57,948
42,58,884
42,59,568
42,60,883
42,61,644
42,62,45
42,63,1177
42,64,771
42,65,915
42,66,829
42,67,257
42,68,1091
42,69,1320
42,70,923
42,71,984
42,72,342
42,73,483
42,74,425
42,75,629
42,76,499
42,77,299
42,78,874
42,79,554
42,80,532
42,81,468
42,82,437
42,83,103
42,84,284
42,85,1433
42,86,82
42,87,502
42,88,264
42,89,1421
42,90,1241
42,91,1393
42,92,363
42,93,779
42,94,815
42,95,688
42,96,1041
42,97,867
42,98,538
42,99,639
43,44,751
43,45,257
43,46,1101
43,47,873
43,48,1152
43,49,748
43,50,504
43,51,503
43,52,1139
43,53,512
43,54,543
43,55,756
43,56,670
43,57,220
43,58,274
43,59,280
43,60,273
43,61,994
43,62,723
43,63,449
43,64,123
43,65,305
43,66,1175
43,67,789
43,68,363
43,69,592
43,70,207
43,71,1012
43,72,846
43,73,1093
43,74,633
43,75,1085
43,76,767
43,77,969
43,78,264
43,79,908
43,80,440
43,81,530
43,82,299
43,83,713
43,84,828
43,85,705
43,86,802
43,87,1112
43,88,764
43,89,693
43,90,513
43,91,665
43,92,511
43,93,1219
43,94,407
43,95,594
43,96,313
43,97,589
43,98,190
43,99,1127
44,45,652
44,46,350
44,47,380
44,48,401
44,49,143
44,50,683
44,51,424
44,52,388
44,53,325
44,54,208
44,55,759
44,56,81
44,57,701
44,58,1025
44,59,709
44,60,1024
44,61,243
44,62,726
44,63,522
44,64,628
44,65,1056
44,66,424
44,67,474
44,68,728
44,69,589
44,70,544
44,71,261
44,72,389
44,73,342
44,74,306
44,75,334
44,76,232
44,77,972
44,78,1015
44,79,177
44,80,673
44,81,609
44,82,578
44,83,708
44,84,831
44,85,702
44,86,805
44,87,361
44,88,467
44,89,690
44,90,678
44,91,662
44,92,368
44,93,468
44,94,344
44,95,829
44,96,644
44,97,162
44,98,591
44,99,376
45,46,1002
45,47,774
45,48,1053
45,49,649
45,50,761
45,51,404
45,52,1040
45,53,585
45,54,444
45,55,561
45,56,571
45,57,477
45,58,395
45,59,57
45,60,372
45,61,895
45,62,556
45,63,706
45,64,300
45,65,404
45,66,1076
45,67,690
45,68,620
45,69,849
45,70,452
45,71,913
45,72,747
45,73,994
45,74,534
45,75,986
45,76,668
45,77,712
45,78,391
45,79,809
45,80,183
45,81,273
45,82,74
45,83,614
45,84,571
45,85,962
45,86,545
45,87,1013
45,88,665
45,89,950
45,90,770
45,91,922
45,92,412
45,93,1120
45,94,344
45,95,337
45,96,570
45,97,490
45,98,67
45,99,1028
46,47,684
46,48,323
46,49,447
46,50,1033
46,51,598
46,52,190
46,53,629
46,54,558
46,55,455
46,56,431
46,57,1051
46,58,1375
46,59,1059
46,60,1374
46,61,217
46,62,446
46,63,872
46,64,978
46,65,1406
46,66,402
46,67,312
46,68,1078
46,69,893
46,70,894
46,71,557
46,72,255
46,73,28
46,74,468
46,75,202
46,76,334
46,77,790
46,78,1365
46,79,193
46,80,1023
46,81,959
46,82,928
46,83,404
46,84,775
46,85,1006
46,86,573
46,87,51
46,88,337
46,89,994
46,90,1028
46,91,966
46,92,590
46,93,352
46,94,694
46,95,1179
46,96,994
46,97,512
46,98,941
46,99,212
47,48,361
47,49,237
47,50,805
47,51,804
47,52,494
47,53,361
47,54,586
47,55,1139
47,56,355
47,57,823
47,58,1147
47,59,831
47,60,1146
47,61,467
47,62,1106
47,63,644
47,64,750
47,65,1178
47,66,302
47,67,854
47,68,850
47,69,543
47,70,666
47,71,139
47,72,769
47,73,656
47,74,686
47,75,482
47,76,612
47,77,1352
47,78,1137
47,79,557
47,80,823
47,81,913
47,82,700
47,83,1088
47,84,1211
47,85,322
47,86,1185
47,87,633
47,88,847
47,89,310
47,90,800
47,91,636
47,92,748
47,93,346
47,94,466
47,95,977
47,96,766
47,97,284
47,98,713
47,99,472
48,49,404
48,50,1084
48,51,649
48,52,133
48,53,640
48,54,609
48,55,778
48,56,482
48,57,1102
48,58,1426
48,59,1110
48,60,1425
48,61,158
48,62,745
48,63,923
48,64,1029
48,65,1457
48,66,79
48,67,493
48,68,1129
48,69,822
48,70,945
48,71,234
48,72,408
48,73,295
48,74,519
48,75,121
48,76,385
48,77,991
48,78,1416
48,79,244
48,80,1074
48,81,1010
48,82,979
48,83,727
48,84,850
48,85,683
48,86,824
48,87,272
48,88,486
48,89,671
48,90,1079
48,91,915
48,92,641
48,93,67
48,94,745
48,95,1230
48,96,1045
48,97,563
48,98,992
48,99,111
49,50,680
49,51,567
49,52,391
49,53,236
49,54,349
49,55,902
49,56,118
49,57,698
49,58,1022
49,59,706
49,60,1021
49,61,246
49,62,869
49,63,519
49,64,625
49,65,1053
49,66,427
49,67,617
49,68,725
49,69,446
49,70,541
49,71,264
49,72,532
49,73,419
49,74,449
49,75,337
49,76,375
49,77,1115
49,78,1012
49,79,320
49,80,670
49,81,676
49,82,575
49,83,851
49,84,974
49,85,559
49,86,948
49,87,396
49,88,610
49,89,547
49,90,675
49,91,519
49,92,511
49,93,471
49,94,341
49,95,826
49,96,641
49,97,159
49,98,588
49,99,379
50,51,925
50,52,1071
50,53,444
50,54,707
50,55,1260
50,56,602
50,57,284
50,58,366
50,59,784
50,60,681
50,61,926
50,62,1227
50,63,161
50,64,461
50,65,467
50,66,1107
50,67,975
50,68,141
50,69,262
50,70,309
50,71,944
50,72,890
50,73,1025
50,74,807
50,75,1017
50,76,733
50,77,1473
50,78,370
50,79,840
50,80,944
50,81,1034
50,82,803
50,83,1209
50,84,1332
50,85,539
50,86,1306
50,87,1044
50,88,968
50,89,531
50,90,9
50,91,169
50,92,869
50,93,1151
50,94,417
50,95,1098
50,96,191
50,97,521
50,98,694
50,99,1059
51,52,636
51,53,749
51,54,218
51,55,335
51,56,449
51,57,641
51,58,777
51,59,461
51,60,776
51,61,491
51,62,302
51,63,870
51,64,464
51,65,808
51,66,672
51,67,286
51,68,784
51,69,1013
51,70,616
51,71,677
51,72,343
51,73,590
51,74,130
51,75,582
51,76,264
51,77,548
51,78,767
51,79,405
51,80,425
51,81,361
51,82,330
51,83,284
51,84,407
51,85,1126
51,86,381
51,87,609
51,88,261
51,89,1114
51,90,934
51,91,1086
51,92,56
51,93,716
51,94,508
51,95,581
51,96,734
51,97,560
51,98,343
51,99,624
52,53,627
52,54,596
52,55,645
52,56,469
52,57,1089
52,58,1413
52,59,1097
52,60,1412
52,61,145
52,62,612
52,63,910
52,64,1016
52,65,1444
52,66,212
52,67,360
52,68,1116
52,69,809
52,70,932
52,71,367
52,72,293
52,73,162
52,74,506
52,75,54
52,76,372
52,77,858
52,78,1403
52,79,231
52,80,1061
52,81,997
52,82,966
52,83,594
52,84,813
52,85,816
52,86,691
52,87,139
52,88,375
52,89,804
52,90,1066
52,91,902
52,92,628
52,93,162
52,94,732
52,95,1217
52,96,1032
52,97,550
52,98,979
52,99,22
53,54,531
53,55,1084
53,56,300
53,57,462
53,58,786
53,59,608
53,60,785
53,61,482
53,62,1051
53,63,283
53,64,389
53,65,817
53,66,663
53,67,799
53,68,489
53,69,264
53,70,305
53,71,500
53,72,714
53,73,601
53,74,631
53,75,573
53,76,557
53,77,1297
53,78,776
53,79,502
53,80,768
53,81,858
53,82,627
53,83,1033
53,84,1156
53,85,377
53,86,1130
53,87,600
53,88,792
53,89,365
53,90,439
53,91,337
53,92,693
53,93,707
53,94,241
53,95,922
53,96,405
53,97,189
53,98,518
53,99,615
54,55,553
54,56,231
54,57,493
54,58,817
54,59,501
54,60,816
54,61,451
54,62,520
54,63,652
54,64,420
54,65,848
54,66,632
54,67,268
54,68,566
54,69,795
54,70,398
54,71,469
54,72,303
54,73,550
54,74,100
54,75,542
54,76,224
54,77,766
54,78,807
54,79,365
54,80,465
54,81,401
54,82,370
54,83,502
54,84,625
54,85,908
54,86,599
54,87,569
54,88,261
54,89,896
54,90,716
54,91,868
54,92,162
54,93,676
54,94,290
54,95,621
54,96,516
54,97,342
54,98,383
54,99,584
55,56,784
55,57,976
55,58,934
55,59,618
55,60,933
55,61,672
55,62,33
55,63,1205
55,64,799
55,65,965
55,66,857
55,67,285
55,68,1119
55,69,1348
55,70,951
55,71,1012
55,72,370
55,73,483
55,74,453
55,75,657
55,76,527
55,77,349
55,78,924
55,79,582
55,80,582
55,81,518
55,82,487
55,83,53
55,84,334
55,85,1461
55,86,132
55,87,506
55,88,292
55,89,1449
55,90,1269
55,91,1421
55,92,391
55,93,807
55,94,843
55,95,738
55,96,1069
55,97,895
55,98,566
55,99,667
56,57,620
56,58,944
56,59,628
56,60,943
56,61,324
56,62,751
56,63,441
56,64,547
56,65,975
56,66,505
56,67,499
56,68,647
56,69,564
56,70,463
56,71,342
56,72,414
56,73,423
56,74,331
56,75,415
56,76,257
56,77,997
56,78,934
56,79,238
56,80,592
56,81,558
56,82,497
56,83,733
56,84,856
56,85,677
56,86,830
56,87,442
56,88,492
56,89,665
56,90,597
56,91,637
56,92,393
56,93,549
56,94,263
56,95,748
56,96,563
56,97,111
56,98,510
56,99,457
57,58,324
57,59,500
57,60,397
57,61,944
57,62,943
57,63,229
57,64,177
57,65,355
57,66,1125
57,67,739
57,68,143
57,69,372
57,70,157
57,71,962
57,72,796
57,73,1043
57,74,583
57,75,1035
57,76,717
57,77,1189
57,78,314
57,79,858
57,80,660
57,81,750
57,82,519
57,83,925
57,84,1048
57,85,557
57,86,1022
57,87,1062
57,88,714
57,89,549
57,90,293
57,91,445
57,92,585
57,93,1169
57,94,357
57,95,814
57,96,93
57,97,539
57,98,410
57,99,1077
58,59,418
58,60,315
58,61,1268
58,62,929
58,63,503
58,64,397
58,65,101
58,66,1449
58,67,1063
58,68,297
58,69,604
58,70,481
58,71,1286
58,72,1120
58,73,1367
58,74,907
58,75,1359
58,76,1041
58,77,1107
58,78,10
58,79,1182
58,80,578
58,81,668
58,82,447
58,83,987
58,84,966
58,85,881
58,86,940
58,87,1386
58,88,1038
58,89,873
58,90,375
58,91,527
58,92,785
58,93,1493
58,94,681
58,95,732
58,96,381
58,97,863
58,98,434
58,99,1401
59,60,315
59,61,952
59,62,613
59,63,729
59,64,323
59,65,347
59,66,1133
59,67,747
59,68,643
59,69,872
59,70,475
59,71,970
59,72,804
59,73,1051
59,74,591
59,75,1043
59,76,725
59,77,689
59,78,414
59,79,866
59,80,160
59,81,250
59,82,131
59,83,671
59,84,548
59,85,985
59,86,522
59,87,1070
59,88,722
59,89,973
59,90,793
59,91,945
59,92,469
59,93,1177
59,94,367
59,95,314
59,96,593
59,97,547
59,98,118
59,99,1085
60,61,1267
60,62,928
60,63,626
60,64,396
60,65,214
60,66,1448
60,67,1062
60,68,540
60,69,769
60,70,480
60,71,1285
60,72,1119
60,73,1366
60,74,906
60,75,1358
60,76,1040
60,77,792
60,78,311
60,79,1181
60,80,351
60,81,415
60,82,446
60,83,986
60,84,651
60,85,882
60,86,801
60,87,1385
60,88,1037
60,89,872
60,90,690
60,91,842
60,92,784
60,93,1492
60,94,680
60,95,417
60,96,490
60,97,862
60,98,433
60,99,1400
61,62,639
61,63,765
61,64,871
61,65,1299
61,66,185
61,67,387
61,68,971
61,69,676
61,70,787
61,71,340
61,72,302
61,73,189
61,74,361
61,75,91
61,76,227
61,77,885
61,78,1258
61,79,90
61,80,916
61,81,852
61,82,821
61,83,621
61,84,744
61,85,789
61,86,718
61,87,166
61,88,380
61,89,777
61,90,921
61,91,757
61,92,483
61,93,225
61,94,587
61,95,1072
61,96,887
61,97,405
61,98,834
61,99,133
62,63,1172
62,64,766
62,65,960
62,66,824
62,67,252
62,68,1086
62,69,1315
62,70,918
62,71,979
62,72,337
62,73,450
62,74,420
62,75,624
62,76,494
62,77,344
62,78,919
62,79,549
62,80,577
62,81,513
62,82,482
62,83,58
62,84,329
62,85,1428
62,86,127
62,87,473
62,88,259
62,89,1416
62,90,1236
62,91,1388
62,92,358
62,93,774
62,94,810
62,95,733
62,96,1036
62,97,862
62,98,533
62,99,634
63,64,406
63,65,534
63,66,946
63,67,920
63,68,206
63,69,143
63,70,254
63,71,783
63,72,835
63,73,864
63,74,752
63,75,856
63,76,678
63,77,1418
63,78,493
63,79,679
63,80,889
63,81,979
63,82,748
63,83,1154
63,84,1277
63,85,378
63,86,1251
63,87,883
63,88,913
63,89,370
63,90,156
63,91,216
63,92,814
63,93,990
63,94,362
63,95,1043
63,96,136
63,97,360
63,98,639
63,99,898
64,65,428
64,66,1052
64,67,666
64,68,320
64,69,549
64,70,152
64,71,889
64,72,723
64,73,970
64,74,510
64,75,962
64,76,644
64,77,1012
64,78,387
64,79,785
64,80,483
64,81,573
64,82,342
64,83,748
64,84,871
64,85,662
64,86,845
64,87,989
64,88,641
64,89,650
64,90,470
64,91,622
64,92,408
64,93,1096
64,94,284
64,95,637
64,96,270
64,97,466
64,98,233
64,99,1004
65,66,1480
65,67,1094
65,68,328
65,69,635
65,70,512
65,71,1317
65,72,1151
65,73,1398
65,74,938
65,75,1390
65,76,1072
65,77,1006
65,78,97
65,79,1213
65,80,477
65,81,567
65,82,478
65,83,1018
65,84,865
65,85,912
65,86,839
65,87,1417
65,88,1069
65,89,904
65,90,476
65,91,628
65,92,816
65,93,1524
65,94,712
65,95,631
65,96,412
65,97,894
65,98,465
65,99,1432
66,67,572
66,68,1152
66,69,845
66,70,968
66,71,163
66,72,487
66,73,374
66,74,542
66,75,200
66,76,408
66,77,1070
66,78,1439
66,79,275
66,80,1097
66,81,1033
66,82,1002
66,83,806
66,84,929
66,85,604
66,86,903
66,87,351
66,88,565
66,89,592
66,90,1102
66,91,938
66,92,664
66,93,50
66,94,768
66,95,1253
66,96,1068
66,97,586
66,98,1015
66,99,190
67,68,834
67,69,1063
67,70,666
67,71,727
67,72,85
67,73,304
67,74,168
67,75,372
67,76,242
67,77,498
67,78,1053
67,79,297
67,80,711
67,81,647
67,82,616
67,83,234
67,84,463
67,85,1176
67,86,331
67,87,323
67,88,25
67,89,1164
67,90,984
67,91,1136
67,92,278
67,93,522
67,94,558
67,95,867
67,96,784
67,97,610
67,98,629
67,99,382
68,69,307
68,70,184
68,71,989
68,72,823
68,73,1070
68,74,666
68,75,1062
68,76,744
68,77,1332
68,78,287
68,79,885
68,80,803
68,81,893
68,82,662
68,83,1068
68,84,1191
68,85,584
68,86,1165
68,87,1089
68,88,827
68,89,576
68,90,150
68,91,302
68,92,728
68,93,1196
68,94,384
68,95,957
68,96,84
68,97,566
68,98,553
68,99,1104
69,70,397
69,71,682
69,72,978
69,73,865
69,74,895
69,75,755
69,76,821
69,77,1561
69,78,594
69,79,766
69,80,1032
69,81,1122
69,82,891
69,83,1297
69,84,1420
69,85,277
69,86,1394
69,87,842
69,88,1056
69,89,269
69,90,257
69,91,93
69,92,957
69,93,889
69,94,505
69,95,1186
69,96,279
69,97,453
69,98,782
69,99,797
70,71,805
70,72,639
70,73,886
70,74,498
70,75,878
70,76,560
70,77,1164
70,78,471
70,79,701
70,80,635
70,81,725
70,82,494
70,83,900
70,84,1023
70,85,510
70,86,997
70,87,905
70,88,659
70,89,498
70,90,318
70,91,470
70,92,560
70,93,1012
70,94,200
70,95,789
70,96,118
70,97,382
70,98,385
70,99,920
71,72,642
71,73,529
71,74,559
71,75,355
71,76,485
71,77,1225
71,78,1276
71,79,430
71,80,934
71,81,870
71,82,839
71,83,961
71,84,1084
71,85,449
71,86,1058
71,87,506
71,88,720
71,89,437
71,90,939
71,91,775
71,92,621
71,93,207
71,94,605
71,95,1090
71,96,905
71,97,423
71,98,852
71,99,345
72,73,247
72,74,213
72,75,287
72,76,157
72,77,583
72,78,1110
72,79,212
72,80,768
72,81,704
72,82,673
72,83,319
72,84,520
72,85,1091
72,86,416
72,87,266
72,88,82
72,89,1079
72,90,899
72,91,1051
72,92,335
72,93,437
72,94,473
72,95,924
72,96,739
72,97,525
72,98,686
72,99,297
73,74,460
73,75,174
73,76,326
73,77,782
73,78,1357
73,79,185
73,80,1015
73,81,951
73,82,920
73,83,432
73,84,767
73,85,978
73,86,565
73,87,23
73,88,329
73,89,966
73,90,1020
73,91,938
73,92,582
73,93,324
73,94,686
73,95,1171
73,96,986
73,97,504
73,98,933
73,99,184
74,75,452
74,76,134
74,77,666
74,78,897
74,79,275
74,80,555
74,81,491
74,82,460
74,83,402
74,84,525
74,85,1008
74,86,499
74,87,479
74,88,161
74,89,996
74,90,816
74,91,968
74,92,122
74,93,586
74,94,390
74,95,711
74,96,616
74,97,442
74,98,473
74,99,494
75,76,318
75,77,870
75,78,1349
75,79,177
75,80,1007
75,81,943
75,82,912
75,83,606
75,84,759
75,85,804
75,86,703
75,87,151
75,88,365
75,89,792
75,90,1012
75,91,848
75,92,574
75,93,150
75,94,678
75,95,1163
75,96,978
75,97,496
75,98,925
75,99,42
76,77,740
76,78,1031
76,79,141
76,80,689
76,81,625
76,82,594
76,83,476
76,84,599
76,85,934
76,86,573
76,87,345
76,88,235
76,89,922
76,90,742
76,91,894
76,92,256
76,93,452
76,94,360
76,95,845
76,96,660
76,97,368
76,98,607
76,99,360
77,78,1103
77,79,795
77,80,529
77,81,439
77,82,670
77,83,402
77,84,141
77,85,1674
77,86,217
77,87,801
77,88,505
77,89,1662
77,90,1482
77,91,1634
77,92,604
77,93,1020
77,94,1056
77,95,389
77,96,1282
77,97,1108
77,98,779
77,99,880
78,79,1172
78,80,574
78,81,664
78,82,437
78,83,977
78,84,962
78,85,871
78,86,936
78,87,1376
78,88,1028
78,89,863
78,90,379
78,91,531
78,92,775
78,93,1483
78,94,671
78,95,728
78,96,371
78,97,853
78,98,424
78,99,1391
79,80,830
79,81,766
79,82,735
79,83,531
79,84,654
79,85,879
79,86,628
79,87,204
79,88,290
79,89,867
79,90,835
79,91,839
79,92,397
79,93,311
79,94,501
79,95,986
79,96,801
79,97,319
79,98,748
79,99,219
80,81,90
80,82,141
80,83,635
80,84,388
80,85,1145
80,86,450
80,87,1034
80,88,686
80,89,1133
80,90,953
80,91,1105
80,92,433
80,93,1141
80,94,527
80,95,156
80,96,753
80,97,579
80,98,250
80,99,1049
81,82,231
81,83,571
81,84,298
81,85,1235
81,86,386
81,87,970
81,88,622
81,89,1223
81,90,1043
81,91,1195
81,92,369
81,93,1077
81,94,617
81,95,220
81,96,843
81,97,669
81,98,340
81,99,985
82,83,540
82,84,529
82,85,1004
82,86,503
82,87,939
82,88,591
82,89,992
82,90,812
82,91,964
82,92,338
82,93,1046
82,94,386
82,95,295
82,96,612
82,97,438
82,98,109
82,99,954
83,84,387
83,85,1410
83,86,185
83,87,455
83,88,241
83,89,1398
83,90,1218
83,91,1370
83,92,340
83,93,756
83,94,792
83,95,791
83,96,1018
83,97,844
83,98,553
83,99,616
84,85,1533
84,86,202
84,87,786
84,88,438
84,89,1521
84,90,1341
84,91,1493
84,92,463
84,93,893
84,94,915
84,95,404
84,96,1141
84,97,967
84,98,638
84,99,801
85,86,1507
85,87,955
85,88,1169
85,89,12
85,90,534
85,91,370
85,92,1070
85,93,654
85,94,618
85,95,1299
85,96,500
85,97,566
85,98,895
85,99,794
86,87,584
86,88,338
86,89,1495
86,90,1315
86,91,1467
86,92,437
86,93,853
86,94,889
86,95,606
86,96,1115
86,97,941
86,98,612
86,99,713
87,88,348
87,89,943
87,90,1039
87,91,915
87,92,601
87,93,301
87,94,705
87,95,1190
87,96,1005
87,97,523
87,98,952
87,99,161
88,89,1157
88,90,977
88,91,1129
88,92,253
88,93,515
88,94,551
88,95,842
88,96,777
88,97,603
88,98,604
88,99,375
89,90,526
89,91,362
89,92,1058
89,93,642
89,94,606
89,95,1287
89,96,492
89,97,554
89,98,883
89,99,782
90,91,164
90,92,878
90,93,1146
90,94,426
90,95,1107
90,96,200
90,97,516
90,98,703
90,99,1054
91,92,1030
91,93,982
91,94,578
91,95,1259
91,96,352
91,97,526
91,98,855
91,99,890
92,93,708
92,94,452
92,95,589
92,96,678
92,97,504
92,98,351
92,99,616
93,94,812
93,95,1297
93,96,1112
93,97,630
93,98,1059
93,99,140
94,95,681
94,96,300
94,97,182
94,98,277
94,99,720
95,96,907
95,97,733
95,98,404
95,99,1205
96,97,482
96,98,503
96,99,1020
97,98,429
97,99,538
98,99,967
